algorithm,inputType,size,timeNs,recursionDepth,comparisons
MergeSort,random,100,31900,4,667
QuickSort,random,100,50200,4,582
DeterministicSelect,random,100,42900,7,739
ClosestPair,random,100,312200,7,643
MergeSort,random,500,227900,6,4728
QuickSort,random,500,319200,6,4835
DeterministicSelect,random,500,248400,8,3999
ClosestPair,random,500,1672700,9,4504
MergeSort,random,1000,430200,7,10308
QuickSort,random,1000,197900,7,10206
DeterministicSelect,random,1000,404400,10,8186
ClosestPair,random,1000,1262300,10,10088
MergeSort,random,5000,901600,10,59149
QuickSort,random,5000,712200,7,70258
DeterministicSelect,random,5000,725300,12,40839
ClosestPair,random,5000,6340200,12,61447
MergeSort,random,10000,1056300,11,128144
QuickSort,random,10000,546200,8,154989
DeterministicSelect,random,10000,2309100,12,75829
ClosestPair,random,10000,10731800,13,132997
MergeSort,random,50000,9454200,13,773877
QuickSort,random,50000,2770700,10,955025
DeterministicSelect,random,50000,1440400,15,425094
ClosestPair,random,50000,84078500,16,774484
MergeSort,sorted,100,110100,4,99
QuickSort,sorted,100,26400,4,681
DeterministicSelect,sorted,100,6000,5,559
ClosestPair,sorted,100,27400,7,678
MergeSort,sorted,500,11500,6,499
QuickSort,sorted,500,14100,6,4519
DeterministicSelect,sorted,500,17300,7,3064
ClosestPair,sorted,500,104500,9,4718
MergeSort,sorted,1000,15200,7,999
QuickSort,sorted,1000,26400,6,11602
DeterministicSelect,sorted,1000,26100,10,6281
ClosestPair,sorted,1000,174300,10,10438
MergeSort,sorted,5000,37800,10,4999
QuickSort,sorted,5000,108500,8,67533
DeterministicSelect,sorted,5000,109000,11,31939
ClosestPair,sorted,5000,781900,12,62950
MergeSort,sorted,10000,48700,11,9999
QuickSort,sorted,10000,255000,8,167352
DeterministicSelect,sorted,10000,261900,13,60756
ClosestPair,sorted,10000,1767600,13,135902
MergeSort,sorted,50000,216200,13,49999
QuickSort,sorted,50000,1296200,9,895393
DeterministicSelect,sorted,50000,1086500,13,306874
ClosestPair,sorted,50000,8820500,16,786158
MergeSort,reverse,100,10400,4,731
QuickSort,reverse,100,4600,4,578
DeterministicSelect,reverse,100,10300,7,790
ClosestPair,reverse,100,137800,7,678
MergeSort,reverse,500,11700,6,4931
QuickSort,reverse,500,14700,5,4549
DeterministicSelect,reverse,500,14900,9,4263
ClosestPair,reverse,500,95700,9,4718
MergeSort,reverse,1000,108800,7,10363
QuickSort,reverse,1000,32900,6,12340
DeterministicSelect,reverse,1000,31700,10,8493
ClosestPair,reverse,1000,457200,10,10438
MergeSort,reverse,5000,969100,10,44835
QuickSort,reverse,5000,164900,8,71094
DeterministicSelect,reverse,5000,158700,12,44411
ClosestPair,reverse,5000,836500,12,62950
MergeSort,reverse,10000,846400,11,94671
QuickSort,reverse,10000,268200,8,157208
DeterministicSelect,reverse,10000,213000,13,89919
ClosestPair,reverse,10000,1124400,13,135902
MergeSort,reverse,50000,5653000,13,583503
QuickSort,reverse,50000,1620400,10,883772
DeterministicSelect,reverse,50000,1678700,14,457030
ClosestPair,reverse,50000,5975000,16,786158
MergeSort,duplicates,100,5100,4,601
QuickSort,duplicates,100,5900,4,816
DeterministicSelect,duplicates,100,8800,8,691
ClosestPair,duplicates,100,809600,7,620
MergeSort,duplicates,500,21200,6,4319
QuickSort,duplicates,500,22100,3,14144
DeterministicSelect,duplicates,500,22300,11,3642
ClosestPair,duplicates,500,459500,9,4343
MergeSort,duplicates,1000,69200,7,9745
QuickSort,duplicates,1000,44800,3,54015
DeterministicSelect,duplicates,1000,48400,23,9253
ClosestPair,duplicates,1000,717500,10,9662
MergeSort,duplicates,5000,641000,10,56747
QuickSort,duplicates,5000,641800,3,1266643
DeterministicSelect,duplicates,5000,14742900,509,3582863
ClosestPair,duplicates,5000,5322800,12,59427
MergeSort,duplicates,10000,1345600,11,122735
QuickSort,duplicates,10000,2528200,3,5046579
DeterministicSelect,duplicates,10000,35696300,204,9814526
ClosestPair,duplicates,10000,4442000,13,128910
MergeSort,duplicates,50000,2188100,13,737919
QuickSort,duplicates,50000,64810800,3,125274509
DeterministicSelect,duplicates,50000,3016759400,903,1641170173
ClosestPair,duplicates,50000,25848800,16,755865
